C,H,N,O,SC,TEMP,P,RT,H2
48.9,6.2,1,40.6,10,600,25,50,42
48.9,6.2,1,40.6,15,600,25,50,40
48.9,6.2,1,40.6,20,600,25,50,30
48.9,6.2,1,40.6,25,600,25,50,22
48.9,6.2,1,40.6,30,600,25,50,20
48.9,6.2,1,40.6,5,500,20,50,51
48.9,6.2,1,40.6,5,600,25,50,45
48.9,6.2,1,40.6,5,600,30,50,42
48.9,6.2,1,40.6,5,600,35,50,41
48.9,6.2,1,40.6,4,650,17.5,27,15
48.9,6.2,1,40.6,4,650,20,27,16
48.9,6.2,1,40.6,4,650,22.5,27,15
48.9,6.2,1,40.6,4,650,25,27,16
48.9,6.2,1,40.6,4,650,27.5,27,17
48.9,6.2,1,40.6,4,650,30,27,18
48.9,6.2,1,40.6,4,650,25,15,13
48.9,6.2,1,40.6,4,650,25,20,14
48.9,6.2,1,40.6,4,650,25,25,15
48.9,6.2,1,40.6,4,650,25,30,15
48.9,6.2,1,40.6,4,650,25,35,16
48.9,6.2,1,40.6,4,650,25,40,17
48.9,6.2,1,40.6,4,650,25,45,18
40,6.7,0,53.3,11,600,20,50,9.5
40,6.7,0,53.3,11,600,22.5,50,9
40,6.7,0,53.3,11,600,25,50,8.5
40,6.7,0,53.3,11,600,27.5,50,8.3
40,6.7,0,53.3,11,600,30,50,8
40,6.7,0,53.3,11,600,32.5,50,7.8
40,6.7,0,53.3,11,600,35,50,7.5
40,6.7,0,53.3,11,600,28,50,14.5
40,6.7,0,53.3,11,600,28,16,2.9
40,6.7,0,53.3,11,750,28,19,26.3
40,6.7,0,53.3,11,600,28,15,2.8
40,6.7,0,53.3,11,600,28,20,5.5
40,6.7,0,53.3,11,600,28,25,8.3
40,6.7,0,53.3,11,600,28,30,9.9
40,6.7,0,53.3,11,600,28,35,11
40,6.7,0,53.3,11,600,28,40,13.8
40,6.7,0,53.3,11,600,28,45,15.4
40,6.7,0,53.3,11,600,28,50,16.5
40,6.7,0,53.3,11,700,28,15,27.5
40,6.7,0,53.3,11,700,28,20,33.6
40,6.7,0,53.3,11,700,28,25,34.1
40,6.7,0,53.3,11,700,28,30,34.7
40,6.7,0,53.3,11,700,28,35,35.2
40,6.7,0,53.3,11,700,28,40,35.8
40,6.7,0,53.3,11,700,28,45,35.8
40,6.7,0,53.3,11,700,28,50,36.3
42.11,6.48,0,51.41,0.5,550,22.5,90,5.3
42.11,6.48,0,51.41,1,550,22.5,90,2.9
42.11,6.48,0,51.41,1.5,550,22.5,90,2
42.11,6.48,0,51.41,2.5,550,22.5,90,1.5
42.11,6.48,0,51.41,0.5,700,22.5,90,12.3
42.11,6.48,0,51.41,1,700,22.5,90,8.2
42.11,6.48,0,51.41,1.5,700,22.5,90,4.4
42.11,6.48,0,51.41,2.5,700,22.5,90,3.2
42.11,6.48,0,51.41,0.5,550,22.5,90,5.3
42.11,6.48,0,51.41,0.5,600,22.5,90,9.1
42.11,6.48,0,51.41,0.5,650,22.5,90,12
42.11,6.48,0,51.41,0.5,700,22.5,90,13.1
42.11,6.48,0,51.41,2.5,550,22.5,90,1.3
42.11,6.48,0,51.41,2.5,600,22.5,90,1.5
42.11,6.48,0,51.41,2.5,650,22.5,90,2.6
42.11,6.48,0,51.41,2.5,700,22.5,90,3.5
52.14,13.13,0,34.73,10,700,22,2,54.2
52.14,13.13,0,34.73,10,700,24,2,56.4
52.14,13.13,0,34.73,10,700,27,2,54.2
41.53,5.76,1.55,43.34,15,550,25,10,5
41.53,5.76,1.55,43.34,15,650,25,10,20
41.53,5.76,1.55,43.34,15,750,25,10,31
41.53,5.76,1.55,43.34,15,850,25,10,39
40,6.7,0,53.3,15,350,30,60,1
40,6.7,0,53.3,15,350,30,120,1.2
40,6.7,0,53.3,15,350,30,180,1.3
40,6.7,0,53.3,15,350,30,240,1.3
40,6.7,0,53.3,15,350,30,300,1.5
40,6.7,0,53.3,15,400,30,60,1.5
40,6.7,0,53.3,15,400,30,120,1.6
40,6.7,0,53.3,15,400,30,180,1.2
40,6.7,0,53.3,15,400,30,240,1.1
40,6.7,0,53.3,15,400,30,300,1.3
40,6.7,0,53.3,15,400,30,60,0.8
40,6.7,0,53.3,15,400,30,120,1.1
40,6.7,0,53.3,15,400,30,180,1.2
40,6.7,0,53.3,15,400,30,240,2
40,6.7,0,53.3,15,400,30,300,2.6
48.9,6.2,40.6,40.6,15,350,30,60,0.8
48.9,6.2,40.6,40.6,15,350,30,120,0.7
48.9,6.2,40.6,40.6,15,350,30,180,0.6
48.9,6.2,40.6,40.6,15,350,30,240,0.5
48.9,6.2,40.6,40.6,15,350,30,300,0.6
48.9,6.2,40.6,40.6,15,350,30,60,1
48.9,6.2,40.6,40.6,15,350,30,120,1.3
48.9,6.2,40.6,40.6,15,350,30,180,1.2
48.9,6.2,40.6,40.6,15,350,30,240,1.3
48.9,6.2,40.6,40.6,15,350,30,300,1.5
48.9,6.2,40.6,40.6,15,400,30,60,1.8
48.9,6.2,40.6,40.6,15,400,30,120,1.7
48.9,6.2,40.6,40.6,15,400,30,180,1.5
48.9,6.2,40.6,40.6,15,400,30,240,1.4
48.9,6.2,40.6,40.6,15,400,30,300,2
48.9,6.2,40.6,40.6,15,400,30,60,1.8
48.9,6.2,40.6,40.6,15,400,30,120,2.5
48.9,6.2,40.6,40.6,15,400,30,180,2.5
48.9,6.2,40.6,40.6,15,400,30,240,2.5
48.9,6.2,40.6,40.6,15,400,30,300,2.4
45,6.3,47.5,1.1,15,400,30,60,2.7
64.2,5.6,27.7,2.3,15,400,30,60,6.2
45,6.3,47.5,,15,400,30,60,11
48.9,6.2,1,40.6,15,400,30,60,10.8
64.2,5.6,27.7,2.3,15,400,30,60,5.7
45,6.3,47.5,,15,400,30,60,12
48.9,6.2,1,40.6,15,400,30,60,14.5
42.5,5.7,0,51.8,20,500,28,60,1.2
42.5,5.7,0,51.8,20,500,28,60,1.9
42.5,5.7,0,51.8,20,500,28,60,1.4
42.5,5.7,0,51.8,20,500,28,60,1.4
42.5,5.7,0,51.8,20,500,28,60,1.5
61.42,4.93,0.86,32.5,5,700,25,5,12
61.42,4.93,0.86,32.5,2,700,25,5,56
61.42,4.93,0.86,32.5,5,700,25,5,40
61.42,4.93,0.86,32.5,10,700,25,5,22
61.42,4.93,0.86,32.5,15,700,25,5,15
61.42,4.93,0.86,32.5,20,700,25,5,12
61.42,4.93,0.86,32.5,2,600,25,5,26
61.42,4.93,0.86,32.5,2,650,25,5,50
61.42,4.93,0.86,32.5,2,700,25,5,56
85,3.7,0.4,10.8,10,500,25,45,4.1
85,3.7,0.4,10.8,15,500,25,45,3.3
85,3.7,0.4,10.8,10,500,25,30,3.3
85,3.7,0.4,10.8,10,400,25,15,2.6
85,3.7,0.4,10.8,10,500,25,45,5.3
85,3.7,0.4,10.8,15,500,25,15,3.3
42.5,5.7,0,51.8,12.5,500,25,60,2
61.42,4.93,0.86,32.5,5,700,25,5,13.1
47.78,5.37,0.84,43.22,10,500,25,45,3.8
45,6.3,47.5,1.1,15,400,30,60,6.2
85,3.7,0.4,10.8,10,500,25,45,3.6
48.9,6.2,1,40.6,15,400,30,15,10.8
41.98,5.05,0.46,47.46,10,500,25,45,6.6
41.98,5.05,0.46,47.46,20,300,23,45,1.1
41.98,5.05,0.46,47.46,20,400,23,45,2.4
41.98,5.05,0.46,47.46,20,500,23,45,3.5
41.98,5.05,0.46,47.46,20,500,25,45,3.5
41.98,5.05,0.46,47.46,10,500,25,45,3.7
41.98,5.05,0.46,47.46,10,500,23,15,3.5
41.98,5.05,0.46,47.46,10,300,23,30,3.7
41.98,5.05,0.46,47.46,10,400,23,45,6.6
41.98,5.05,0.46,47.46,10,500,23,60,5
47.78,5.37,0.84,43.22,10,500,25,45,3.7
45.25,6.22,0.9,44.8,10,440,25,15,7.3
48.18,6.5,0.83,40.5,10,440,25,15,9
52.59,5.67,0.62,40.5,10,440,25,15,6.3
49.7,5.88,1.1,40.6,10,440,25,15,7
47,6,0.44,45.4,10,440,25,15,5.8
48.56,5.97,0.7,39.5,10,440,25,15,7.8
45.25,6.22,0.9,44.8,10,440,25,15,7.3
48.18,6.5,0.83,40.5,10,440,25,15,9
52.59,5.67,0.62,40.5,10,440,25,15,6.3
49.7,5.88,1.1,40.6,10,440,25,15,7.1
47,6,0.44,45.4,10,440,25,15,5.8
48.56,5.97,0.7,39.5,10,440,25,15,7.8
48.7,6.4,0.8,42.02,8,300,25,60,1.5
48.7,6.4,0.8,42.02,8,400,25,60,3.5
48.7,6.4,0.8,42.02,8,500,25,60,7.5
48.7,6.4,0.8,42.02,8,600,25,60,13
42.1,5.49,0,50.05,8,300,25,60,1.8
42.1,5.49,0,50.05,8,400,25,60,7
42.1,5.49,0,50.05,8,500,25,60,12.3
42.1,5.49,0,50.05,8,600,25,60,21
32.23,5.18,3.14,35.93,10,400,25,20,2
32.23,5.18,3.14,35.93,10,410,25,20,3
32.23,5.18,3.14,35.93,10,420,25,20,3.8
32.23,5.18,3.14,35.93,10,430,25,20,4
32.23,5.18,3.14,35.93,10,440,25,20,4.2
32.23,5.18,3.14,35.93,10,440,25,20,4.2
32.23,5.18,3.14,35.93,20,440,25,20,2.2
32.23,5.18,3.14,35.93,30,440,25,20,2
32.23,5.18,3.14,35.93,10,440,25,5,4.2
32.23,5.18,3.14,35.93,10,440,25,10,5.2
32.23,5.18,3.14,35.93,10,440,25,15,5
32.23,5.18,3.14,35.93,10,440,25,20,4
32.23,5.18,3.14,35.93,10,440,25,25,3.8
32.23,5.18,3.14,35.93,10,440,25,30,3.9
57.15,5.34,2.25,30.39,2.5,380,29,20,2.1
57.15,5.34,2.25,30.39,2.5,400,29,20,2.5
57.15,5.34,2.25,30.39,2.5,420,29,20,3
57.15,5.34,2.25,30.39,2.5,440,29,20,4
57.15,5.34,2.25,30.39,2.5,380,23,30,2.2
57.15,5.34,2.25,30.39,2.5,400,24.5,30,2.7
57.15,5.34,2.25,30.39,2.5,420,25.4,30,3
57.15,5.34,2.25,30.39,2.5,440,28.5,30,4.1
57.15,5.34,2.25,30.39,2.5,440,27.8,5,4
57.15,5.34,2.25,30.39,2.5,440,28.4,10,4.6
57.15,5.34,2.25,30.39,2.5,440,28.6,15,6.2
57.15,5.34,2.25,30.39,2.5,440,28.3,20,7.6
57.15,5.34,2.25,30.39,2.5,440,28.5,25,6.7
57.15,5.34,2.25,30.39,2.5,440,28.8,35,4.4
57.15,5.34,2.25,30.39,3,440,29,30,3.3
57.15,5.34,2.25,30.39,3.5,440,29.4,30,2
57.15,5.34,2.25,30.39,2.5,440,25,5,4
57.15,5.34,2.25,30.39,2.5,440,25,10,4.6
57.15,5.34,2.25,30.39,2.5,440,25,15,6.2
57.15,5.34,2.25,30.39,2.5,440,25,20,7.5
57.15,5.34,2.25,30.39,2.5,440,25,25,6.8
57.15,5.34,2.25,30.39,2.5,440,25,30,4.5
57.15,5.34,2.25,30.39,2.5,440,25,35,4.4
57.15,5.34,2.25,30.39,2.5,440,25,20,4
57.15,5.34,2.25,30.39,3,440,25,20,3.2
57.15,5.34,2.25,30.39,3.5,440,25,20,2.1
34.4,5,5.2,18.6,10,380,23.2,20,3.2
34.4,5,5.2,18.6,10,400,24.7,20,3.8
34.4,5,5.2,18.6,10,420,25.3,20,4.2
34.4,5,5.2,18.6,10,440,26.1,20,4.8
34.4,5,5.2,18.6,10,460,26.8,20,5.3
34.4,5,5.2,18.6,10,460,27.8,20,4.3
34.4,5,5.2,18.6,10,460,28.4,20,2.1
34.4,5,5.2,18.6,10,460,26.6,5,4.7
34.4,5,5.2,18.6,10,460,26.8,10,5.3
34.4,5,5.2,18.6,10,460,26.9,15,5.7
34.4,5,5.2,18.6,10,460,27,25,5.4
34.4,5,5.2,18.6,10,460,27,30,5.1
44.37,5.69,7.33,42.61,12.5,675,28.5,34,9.4
44.37,5.69,7.33,42.61,17.5,700,32,35,6.7
44.37,5.69,7.33,42.61,12.5,717,28.5,36,10.4
44.37,5.69,7.33,42.61,12.5,675,28.5,34,9.1
44.37,5.69,7.33,42.61,7.5,700,32,35,11.9
44.37,5.69,7.33,42.61,12.5,675,28.5,34,7.7
44.37,5.69,7.33,42.61,12.5,675,28.5,34,7.9
44.37,5.69,7.33,42.61,4.09,675,28.5,34,26
44.37,5.69,7.33,42.61,20.91,675,28.5,34,4.6
44.37,5.69,7.33,42.61,12.5,675,22.6,34,11.6
44.37,5.69,7.33,42.61,7.5,700,25,35,18.3
44.37,5.69,7.33,42.61,17.5,700,25,35,7.6
44.37,5.69,7.33,42.61,17.5,650,25,33,5.4
44.37,5.69,7.33,42.61,17.5,650,32,33,9.6
44.37,5.69,7.33,42.61,12.5,675,34.4,34,13
44.37,5.69,7.33,42.61,7.5,650,32,33,20.8
44.37,5.69,7.33,42.61,7.5,650,25,33,10.2
44.37,5.69,7.33,42.61,12.5,632.9,28.5,32,7.5
45.5,6.5,5.7,42.2,20,400,30,30,1.5
45.5,6.5,5.7,42.2,20,400,30,30,3
45.5,6.5,5.7,42.2,20,400,30,30,7.5
45.5,6.5,5.7,42.2,20,400,30,30,10.6
49.34,6.13,0.08,44.53,5,400,30,25,5
49.34,6.13,0.08,44.53,10,400,30,25,4
49.34,6.13,0.08,44.53,15,400,30,25,3
49.34,6.13,0.08,44.53,20,400,30,25,2
49.34,6.13,0.08,44.53,25,400,30,25,1
49.34,6.13,0.08,44.53,5,425,30,25,9
49.34,6.13,0.08,44.53,10,425,30,25,6
49.34,6.13,0.08,44.53,15,425,30,25,5
49.34,6.13,0.08,44.53,20,425,30,25,4
49.34,6.13,0.08,44.53,25,425,30,25,3
49.34,6.13,0.08,44.53,5,450,30,25,14
49.34,6.13,0.08,44.53,10,450,30,25,9
49.34,6.13,0.08,44.53,15,450,30,25,8
49.34,6.13,0.08,44.53,20,450,30,25,7
49.34,6.13,0.08,44.53,25,450,30,25,6
49.34,6.13,0.08,44.53,5,475,30,25,5
49.34,6.13,0.08,44.53,10,475,30,25,20
49.34,6.13,0.08,44.53,15,475,30,25,12
49.34,6.13,0.08,44.53,20,475,30,25,9
49.34,6.13,0.08,44.53,25,475,30,25,8
40.22,4.11,0.39,42.56,10.4,700,28,130,37
52.6,7.1,8.2,32.2,7.3,600,24,2,7
38.18,3.4,4.67,23.74,10,540,25,,26
46.2,6.7,4.05,35.3,13.2,405,30.1,36,10.7
40,4.5,4,51.5,10,600,25,2,28.7
76.3,14.1,1.19,8.23,10,540,25,10,35
76.3,14.1,1.19,8.23,10,540,25,15,30
76.3,14.1,1.19,8.23,10,540,25,20,26
76.3,14.1,1.19,8.23,10,540,25,25,25
76.3,14.1,1.19,8.23,10,540,25,30,25
76.3,14.1,1.19,8.23,10,540,25,35,25
76.3,14.1,1.19,8.23,10,540,25,40,28
76.3,14.1,1.19,8.23,10,540,25,45,28
76.3,14.1,1.19,8.23,10,540,25,50,28
76.3,14.1,1.19,8.23,10,540,25,55,24
76.3,14.1,1.19,8.23,10,540,25,60,25
46.2,6.7,4.05,35.3,20,400,24,60,1.2
46.2,6.7,4.05,35.3,20,450,24,60,3
46.2,6.7,4.05,35.3,20,500,24,60,4.1
46.2,6.7,4.05,35.3,20,550,24,60,6.2
46.2,6.7,4.05,35.3,20,580,24,60,7
46.2,6.7,4.05,35.3,20,400,24,60,1.2
46.2,6.7,4.05,35.3,20,420,24,60,1.7
46.2,6.7,4.05,35.3,20,440,24,60,2.2
46.2,6.7,4.05,35.3,20,460,24,60,3
46.2,6.7,4.05,35.3,20,480,24,60,3.5
46.2,6.7,4.05,35.3,20,500,24,60,4
46.2,6.7,4.05,35.3,20,520,24,60,5
46.2,6.7,4.05,35.3,20,540,24,60,6
46.2,6.7,4.05,35.3,20,560,24,60,7
46.2,6.7,4.05,35.3,20,580,24,60,8.5
46.2,6.7,4.05,35.3,20,400,27,60,1.1
46.2,6.7,4.05,35.3,20,420,27,60,1.6
46.2,6.7,4.05,35.3,20,440,27,60,2.1
46.2,6.7,4.05,35.3,20,460,27,60,2.9
46.2,6.7,4.05,35.3,20,480,27,60,3.4
46.2,6.7,4.05,35.3,20,500,27,60,3.8
46.2,6.7,4.05,35.3,20,520,27,60,4
46.2,6.7,4.05,35.3,20,540,27,60,5
46.2,6.7,4.05,35.3,20,560,27,60,6
46.2,6.7,4.05,35.3,20,580,27,60,7.5
46.2,6.7,4.05,35.3,20,400,30,60,1
46.2,6.7,4.05,35.3,20,420,30,60,1.5
46.2,6.7,4.05,35.3,20,440,30,60,2
46.2,6.7,4.05,35.3,20,460,30,60,2.8
46.2,6.7,4.05,35.3,20,480,30,60,3.3
46.2,6.7,4.05,35.3,20,500,30,60,3.7
46.2,6.7,4.05,35.3,20,520,30,60,3.8
46.2,6.7,4.05,35.3,20,540,30,60,4
46.2,6.7,4.05,35.3,20,560,30,60,5
46.2,6.7,4.05,35.3,20,580,30,60,7
46.2,6.7,4.05,35.3,20,400,24,60,1.1
46.2,6.7,4.05,35.3,20,420,24,60,1.3
46.2,6.7,4.05,35.3,20,440,24,60,2.1
46.2,6.7,4.05,35.3,20,460,24,60,2.5
46.2,6.7,4.05,35.3,20,480,24,60,3
46.2,6.7,4.05,35.3,20,500,24,60,3.5
46.2,6.7,4.05,35.3,20,520,24,60,5
46.2,6.7,4.05,35.3,20,540,24,60,5.5
46.2,6.7,4.05,35.3,20,560,24,60,7
46.2,6.7,4.05,35.3,20,580,24,60,8
46.2,6.7,4.05,35.3,10,400,24,60,2.6
46.2,6.7,4.05,35.3,10,420,24,60,3.5
46.2,6.7,4.05,35.3,10,440,24,60,5
46.2,6.7,4.05,35.3,10,460,24,60,5.5
46.2,6.7,4.05,35.3,10,480,24,60,7.5
46.2,6.7,4.05,35.3,10,500,24,60,9
46.2,6.7,4.05,35.3,10,520,24,60,11
46.2,6.7,4.05,35.3,10,540,24,60,13
46.2,6.7,4.05,35.3,10,560,24,60,15
46.2,6.7,4.05,35.3,10,580,24,60,16
46.2,6.7,4.05,35.3,5,400,24,60,6
46.2,6.7,4.05,35.3,5,420,24,60,7
46.2,6.7,4.05,35.3,5,440,24,60,9
46.2,6.7,4.05,35.3,5,460,24,60,12
46.2,6.7,4.05,35.3,5,480,24,60,16
46.2,6.7,4.05,35.3,5,500,24,60,16
46.2,6.7,4.05,35.3,5,520,24,60,18
46.2,6.7,4.05,35.3,5,540,24,60,23
46.2,6.7,4.05,35.3,5,560,24,60,25
46.2,6.7,4.05,35.3,5,580,24,60,28
38.18,3.4,4.67,23.74,4,480,25,40,6.74
38.18,3.4,4.67,23.74,4,500,25,40,7.5
38.18,3.4,4.67,23.74,4,520,25,40,8.5
38.18,3.4,4.67,23.74,4,540,25,40,9.26
38.18,3.4,4.67,23.74,4,540,25,40,9.2
38.18,3.4,4.67,23.74,6,540,25,40,6
38.18,3.4,4.67,23.74,8,540,25,40,4
38.18,3.4,4.67,23.74,10,540,25,40,3
38.18,3.4,4.67,23.74,12,540,25,40,2
38.18,3.4,4.67,23.74,4,480,25,40,6.7
38.18,3.4,4.67,23.74,4,500,25,40,7.7
38.18,3.4,4.67,23.74,4,520,25,40,8.8
38.18,3.4,4.67,23.74,4,540,25,40,9
38.18,3.4,4.67,23.74,7,480,25,40,3.2
38.18,3.4,4.67,23.74,7,500,25,40,3.8
38.18,3.4,4.67,23.74,7,520,25,40,4
38.18,3.4,4.67,23.74,7,540,25,40,5.1
38.18,3.4,4.67,23.74,7,480,25,40,1.5
38.18,3.4,4.67,23.74,7,500,25,40,2
38.18,3.4,4.67,23.74,7,520,25,40,2.5
38.18,3.4,4.67,23.74,7,540,25,40,3
40.22,4.11,0.39,42.56,5,600,25,40,7.9
40.22,4.11,0.39,42.56,10,600,25,40,7
40.22,4.11,0.39,42.56,15,600,25,40,5
40.22,4.11,0.39,42.56,20,600,25,40,3.8
40.22,4.11,0.39,42.56,30,600,25,40,2.2
40.22,4.11,0.39,42.56,5,650,25,40,12
40.22,4.11,0.39,42.56,7,650,25,40,9
40.22,4.11,0.39,42.56,10,650,25,40,8
40.22,4.11,0.39,42.56,13,650,25,40,6.1
40.22,4.11,0.39,42.56,15,650,25,40,4.2
40.22,4.11,0.39,42.56,18,650,25,40,4
55.7,6.8,11.2,26.4,5,500,36,30,5
31.3,3.7,2.4,26.6,5,500,36,30,5.2
52.6,7.1,8.2,32.2,5,500,36,30,4
42.5,5.7,0,51.8,10,400,28,400,1.18
42.5,5.7,0,51.8,20,400,28,400,0.88
42.5,5.7,0,51.8,20,500,28,500,1.94
42.5,5.7,0,51.8,20,300,28,300,0.64
42.5,5.7,0,51.8,20,500,28,500,1.36
42.5,5.7,0,51.8,10,300,28,300,0.69
42.5,5.7,0,51.8,30,300,28,300,0.56
42.5,5.7,0,51.8,30,400,28,400,0.9
42.5,5.7,0,51.8,20,400,28,400,0.99
42.5,5.7,0,51.8,12.5,500,25,60,5.97
39.9,5.9,0,54.1,12.5,500,25,60,6.16
47.4,4.8,0,43.8,12.5,500,25,60,2.92
39.1,6.2,0.8,53.9,4,400,22,45,0.3
39.1,6.2,0.8,53.9,6,400,22,45,0.6
39.1,6.2,0.8,53.9,8,400,22.2,45,0.8
39.1,6.2,0.8,53.9,10,400,22.4,45,0.6
39.1,6.2,0.8,53.9,12,400,22.8,45,0.55
39.1,6.2,0.8,53.9,8,300,7.9,45,0.5
39.1,6.2,0.8,53.9,8,350,15.9,45,1
39.1,6.2,0.8,53.9,8,450,28,45,2.1
39.1,6.2,0.8,53.9,8,500,29.6,45,4
39.1,6.2,0.8,53.9,8,550,39,45,5
39.1,6.2,0.8,53.9,8,600,44.2,45,10
36.7,6.2,6.8,24.5,3,380,23,15,10
36.7,6.2,6.8,24.5,3,380,23,30,13
36.7,6.2,6.8,24.5,3,380,23,60,11
36.7,6.2,6.8,24.5,3,380,23,80,10
36.7,6.2,6.8,24.5,3,380,23,100,11
36.7,6.2,6.8,24.5,3,380,23,120,10
36.7,6.2,6.8,24.5,3,380,23,15,10
36.7,6.2,6.8,24.5,3,380,23,30,13
36.7,6.2,6.8,24.5,3,380,23,60,11
36.7,6.2,6.8,24.5,3,380,23,80,10
36.7,6.2,6.8,24.5,3,380,23,100,11
36.7,6.2,6.8,24.5,3,380,23,120,10
41.2,4.51,4.18,25.7,2,400,23.8,60,1.9
41.2,4.51,4.18,25.7,2,450,30.34,60,3
41.2,4.51,4.18,25.7,2,500,37,60,4
41.2,4.51,4.18,25.7,2,550,45.5,60,14
41.2,4.51,4.18,25.7,2,500,37,20,5.1
41.2,4.51,4.18,25.7,2,500,37,40,5.2
41.2,4.51,4.18,25.7,2,500,37,60,5.3
41.2,4.51,4.18,25.7,2,500,37,80,5.4
41.2,4.51,4.18,25.7,2,500,37,100,5.5
41.2,4.51,4.18,25.7,2,500,37,120,5.6
41.2,4.51,4.18,25.7,2,500,37,60,5.7
41.2,4.51,4.18,25.7,3,500,37,60,5
41.2,4.51,4.18,25.7,4,500,37,60,4
41.2,4.51,4.18,25.7,5,500,37,60,3.5
41.2,4.51,4.18,25.7,6,500,37,60,3
41.2,4.51,4.18,25.7,7,500,37,60,2.8
41.2,4.51,4.18,25.7,8,500,37,60,2.9
41.2,4.51,4.18,25.7,9,500,37,60,3
40,6.7,0,53.3,8.1,600,20,60,2.25
40,6.7,0,53.3,8.1,600,27.5,60,2.2
40,6.7,0,53.3,8.1,600,35,60,2.1
40,6.7,0,53.3,8.1,600,42.5,60,1.8
44.3,6,0.4,49.2,10,400,30,10,0.5
44.3,6,0.4,49.2,10,400,30,15,0.7
44.3,6,0.4,49.2,10,400,30,20,1
44.3,6,0.4,49.2,10,400,30,25,1.2
44.3,6,0.4,49.2,10,400,30,30,1.5
32.5,4.44,1.15,69.8,5,500,30,60,6.5
28.4,3.75,1.59,65.8,5,500,30,60,8
32.4,4.04,0.74,62.3,5,500,30,60,7.5
36.5,4.75,1.24,57,5,500,30,60,6
33,3.77,0.85,62.1,5,500,30,60,5.5
50,6.2,1.6,42.2,10,377,23.2,60,6.5
50,6.2,1.6,42.2,10,387,25.4,60,7.2
50,6.2,1.6,42.2,10,397,25.4,60,7.5
50,6.2,1.6,42.2,10,407,28,60,8.5
50,6.2,1.6,42.2,10,417,32.5,60,9.2
50,6.2,1.6,42.2,10,427,38.7,60,10.5
50.2,5.8,1.3,42.7,10,377,23.2,60,5.9
50.2,5.8,1.3,42.7,10,387,25.4,60,6.5
50.2,5.8,1.3,42.7,10,397,25.4,60,7.2
50.2,5.8,1.3,42.7,10,407,28,60,7.5
50.2,5.8,1.3,42.7,10,417,32.5,60,8.2
50.2,5.8,1.3,42.7,10,427,38.7,60,8.8
49.6,5.1,2.7,42.7,10,377,23.2,60,5.5
49.6,5.1,2.7,42.7,10,387,25.4,60,6.3
49.6,5.1,2.7,42.7,10,397,25.4,60,6.7
49.6,5.1,2.7,42.7,10,407,28,60,7.2
49.6,5.1,2.7,42.7,10,417,32.5,60,7.6
49.6,5.1,2.7,42.7,10,427,38.7,60,8.5
30.43,4.61,2.43,44.16,10,400,22,60,3
30.43,4.61,2.43,44.16,20,400,22,60,2
30.43,4.61,2.43,44.16,30,400,22,60,1
30.43,4.61,2.43,44.16,10,500,22,60,10
30.43,4.61,2.43,44.16,20,500,22,60,5
30.43,4.61,2.43,44.16,30,500,22,60,3
30.43,4.61,2.43,44.16,10,600,22,60,22
30.43,4.61,2.43,44.16,20,600,22,60,11
30.43,4.61,2.43,44.16,30,600,22,60,6
30.43,4.61,2.43,44.16,10,700,22,60,32
30.43,4.61,2.43,44.16,20,700,22,60,21
30.43,4.61,2.43,44.16,30,700,22,60,11
51.88,7.51,8.49,27.31,10,380,23,60,0.2
51.88,7.51,8.49,27.31,10,420,28,60,0.53
51.88,7.51,8.49,27.31,10,460,34,60,1.65
51.88,7.51,8.49,27.31,10,500,41,60,2.03
51.88,7.51,8.49,27.31,10,550,49,60,2.38
51.88,7.51,8.49,27.31,10,600,55,60,3.08
41.98,5.05,0.46,47.46,20,300,23.5,45,1
41.98,5.05,0.46,47.46,20,400,23.5,45,2.3
41.98,5.05,0.46,47.46,20,500,23.5,45,3.4
41.98,5.05,0.46,47.46,20,500,23.5,45,3.4
41.98,5.05,0.46,47.46,10,500,23.5,45,4
41.98,5.05,0.46,47.46,10,500,23.5,45,3.5
41.98,5.05,0.46,47.46,10,500,23.5,45,3.8
41.98,5.05,0.46,47.46,10,500,23.5,45,6.7
41.98,5.05,0.46,47.46,10,500,23.5,45,5
47.78,5.37,0.84,43.22,10,500,23.5,45,3.9
41.98,5.05,0.46,47.46,20,300,23.5,45,1
41.98,5.05,0.46,47.46,20,350,23.5,45,2
41.98,5.05,0.46,47.46,20,400,23.5,45,2.1
41.98,5.05,0.46,47.46,20,450,23.5,45,3
41.98,5.05,0.46,47.46,20,500,23.5,45,3.2
32.4,3.95,0.82,21.6,25,350,21,60,1.47
45.4,5.8,2.4,36.4,10,300,10,60,0.5
45.4,5.8,2.4,36.4,10,350,10,60,0.6
45.4,5.8,2.4,36.4,10,400,10,60,0.7
45.4,5.8,2.4,36.4,10,450,10,60,1.3
45.4,5.8,2.4,36.4,10,500,10,60,2.3
45.4,5.8,2.4,36.4,10,500,10,60,1
45.4,5.8,2.4,36.4,10,500,10,60,1.8
45.4,5.8,2.4,36.4,10,500,10,60,2.5
45.4,5.8,2.4,36.4,10,500,10,60,1
45.4,5.8,2.4,36.4,10,500,10,60,2.4
45.4,5.8,2.4,36.4,10,500,10,60,1.3
45.4,5.8,2.4,36.4,10,500,10,60,2.5
45,5.6,1.9,39.1,10,500,10,60,1
45.2,5.1,1.9,39.3,10,500,10,60,0.9
24.08,2.231,0,9.296,5,500,23,20,1
24.08,2.231,0,9.296,5,550,23,20,2.55
24.08,2.231,0,9.296,5,600,23,20,6.04
24.08,2.231,0,9.296,5,650,23,20,5.63
24.08,2.231,0,9.296,5,700,23,20,8.87
24.08,2.231,0,9.296,5,750,23,20,10.5
24.08,2.231,0,9.296,5,700,23,3,2.04
24.08,2.231,0,9.296,5,700,23,5,5.2
24.08,2.231,0,9.296,5,700,23,10,4.84
24.08,2.231,0,9.296,5,700,23,20,6.87
24.08,2.231,0,9.296,1,650,23,5,2.67
24.08,2.231,0,9.296,3,650,23,5,3.32
24.08,2.231,0,9.296,5,650,23,5,2.65
24.08,2.231,0,9.296,7,650,23,5,2.18
24.08,2.231,0,9.296,9,650,23,5,2.12
47.6,6.6,5.9,32.3,10,350,24,30,1.5
47.6,6.6,5.9,32.3,10,450,24,30,1.6
47.6,6.6,5.9,32.3,10,550,24,30,2.2
47.6,6.6,5.9,32.3,10,650,24,30,4
47.6,6.6,5.9,32.3,10,650,24,30,4
47.6,6.6,5.9,32.3,15,650,24,30,3
47.6,6.6,5.9,32.3,20,650,24,30,2.4
47.6,6.6,5.9,32.3,25,650,24,30,1.6
47.6,6.6,5.9,32.3,10,650,24,15,2.3
47.6,6.6,5.9,32.3,10,650,24,30,4
47.6,6.6,5.9,32.3,10,650,24,45,4.2
47.6,6.6,5.9,32.3,10,650,24,60,5
36.1,5.5,0.9,54.7,10,600,24,45,1.7
40.9,6.1,1.1,48.3,10,400,24,45,1.5
49.5,6.1,0.1,40.1,10,400,24,45,2.2
40.6,6.2,0.8,50,10,400,24,45,1.5
41.3,6.3,0.7,49.1,10,400,24,45,1.6
42.4,6.4,0.8,46.5,10,400,24,45,1.6
41.9,6.4,0.7,46.8,10,400,24,45,1.6
41.3,6.3,0.7,49.1,20,400,24,45,0.2
41.3,6.3,0.7,49.1,20,500,24,45,0.7
41.3,6.3,0.7,49.1,20,600,24,45,1
41.3,6.3,0.7,49.1,20,600,24,15,0.7
41.3,6.3,0.7,49.1,20,600,24,30,0.8
41.3,6.3,0.7,49.1,20,600,24,45,1
41.3,6.3,0.7,49.1,20,600,24,45,0.9
41.3,6.3,0.7,49.1,20,600,24,45,1.7
49.5,6.1,0.1,40.1,10,600,24,45,2.2
76.3,14.1,1.19,8.23,25,375,24,30,1.12
76.3,14.1,1.19,8.23,25,475,24,30,2.3
76.3,14.1,1.19,8.23,25,575,24,30,3.2
76.3,14.1,1.19,8.23,25,675,24,30,4.1
76.3,14.1,1.19,8.23,25,675,24,30,4.1
76.3,14.1,1.19,8.23,30,675,24,30,3.6
76.3,14.1,1.19,8.23,35,675,24,30,2.9
76.3,14.1,1.19,8.23,40,675,24,30,2.3
76.3,14.1,1.19,8.23,25,375,24,30,1.12
76.3,14.1,1.19,8.23,25,675,24,15,1
76.3,14.1,1.19,8.23,25,675,24,30,4.1
76.3,14.1,1.19,8.23,25,675,24,45,4.5
76.3,14.1,1.19,8.23,25,675,24,60,5.1
42.11,6.48,0,51.41,0.5,550,22.5,90,1.8
42.11,6.48,0,51.41,0.5,600,22.5,90,3.14
42.11,6.48,0,51.41,0.5,650,22.5,90,4.51
42.11,6.48,0,51.41,0.5,700,22.5,90,4.16
42.11,6.48,0,51.41,1,550,22.5,90,1.1
42.11,6.48,0,51.41,1,600,22.5,90,1.85
42.11,6.48,0,51.41,1,650,22.5,90,2.35
42.11,6.48,0,51.41,1,700,22.5,90,2.81
42.11,6.48,0,51.41,1.5,550,22.5,90,0.63
42.11,6.48,0,51.41,1.5,600,22.5,90,0.93
42.11,6.48,0,51.41,1.5,650,22.5,90,1.12
42.11,6.48,0,51.41,1.5,700,22.5,90,1.46
42.11,6.48,0,51.41,2.5,550,22.5,90,0.41
42.11,6.48,0,51.41,2.5,600,22.5,90,0.51
42.11,6.48,0,51.41,2.5,650,22.5,90,0.85
42.11,6.48,0,51.41,2.5,700,22.5,90,1.2
